order_id,customer_id,product_id,product_name,category,price,quantity,rating,order_date
,233.0,144.0,,,5190.0,,3.0,2023-06-01
2.0,918.0,177.0,Smartwatch,Accessories,-500.0,1.0,,
3.0,520.0,43.0,Mouse,Accessories,60917.0,2.0,1.0,
4.0,751.0,,Camera,Electronics,,3.0,3.0,
5.0,,,Tablet,Electronics,17119.0,2.0,4.0,2023-05-02
,681.0,,Phone,Electronics,-500.0,2.0,10.0,invalid_date
,371.0,114.0,Tablet,Electronics,-500.0,1.0,4.0,
8.0,445.0,101.0,,,10120.0,2.0,3.0,invalid_date
,,,Laptop,Electronics,-500.0,3.0,4.0,
10.0,457.0,,Laptop,Electronics,,3.0,5.0,
11.0,400.0,,Keyboard,Accessories,-500.0,2.0,1.0,
,164.0,,Phone,Electronics,,2.0,3.0,invalid_date
13.0,,32.0,Smartwatch,Accessories,,1.0,1.0,invalid_date
14.0,242.0,,Mouse,Accessories,,3.0,10.0,invalid_date
15.0,529.0,,Tablet,Electronics,,,10.0,2022-05-23
16.0,,,Phone,Electronics,,2.0,4.0,2023-04-24
,,,Mouse,Accessories,-500.0,,10.0,invalid_date
,,,Mouse,Accessories,,2.0,4.0,2021-11-30
19.0,34.0,,,,70355.0,1.0,10.0,invalid_date
20.0,536.0,,Keyboard,Accessories,15461.0,3.0,3.0,invalid_date
21.0,,,Camera,Electronics,-500.0,3.0,4.0,2021-02-27
,358.0,,Headphones,Accessories,,,4.0,2021-01-05
,854.0,196.0,Smartwatch,Accessories,-500.0,,3.0,invalid_date
,,100.0,Mouse,Accessories,59861.0,,,2022-10-29
25.0,662.0,43.0,Camera,Electronics,71909.0,3.0,10.0,
,555.0,146.0,,,,,5.0,2021-06-24
27.0,282.0,,,,3446.0,1.0,10.0,2023-12-26
28.0,,,,,-500.0,1.0,5.0,invalid_date
29.0,555.0,74.0,,,-500.0,2.0,3.0,2021-07-06
30.0,,47.0,Smartwatch,Accessories,12747.0,1.0,3.0,
31.0,,31.0,Smartwatch,Accessories,52110.0,2.0,3.0,invalid_date
,395.0,69.0,Headphones,Accessories,,3.0,2.0,
33.0,649.0,,Mouse,Accessories,-500.0,1.0,1.0,2023-09-19
,,22.0,Headphones,Accessories,,2.0,,invalid_date
35.0,,11.0,Camera,Electronics,71836.0,,,
,,90.0,Smartwatch,Accessories,22939.0,3.0,1.0,invalid_date
37.0,,179.0,Laptop,Electronics,,2.0,5.0,2024-02-28
,,,,,-500.0,,2.0,invalid_date
39.0,,5.0,Smartwatch,Accessories,,1.0,3.0,2022-12-01
,,,Mouse,Accessories,1560.0,1.0,10.0,invalid_date
41.0,,,Phone,Electronics,71601.0,,,
42.0,10.0,191.0,Tablet,Electronics,2105.0,3.0,4.0,2023-01-29
43.0,,93.0,Camera,Electronics,26101.0,3.0,,
44.0,,44.0,Mouse,Accessories,28405.0,2.0,2.0,2023-03-23
45.0,956.0,,Phone,Electronics,78091.0,2.0,10.0,2021-05-14
46.0,,165.0,Laptop,Electronics,,3.0,3.0,invalid_date
47.0,371.0,185.0,Keyboard,Accessories,-500.0,1.0,1.0,invalid_date
48.0,,21.0,Smartwatch,Accessories,,2.0,4.0,2022-10-10
49.0,65.0,,Keyboard,Accessories,10757.0,,2.0,invalid_date
50.0,485.0,88.0,Laptop,Electronics,,3.0,3.0,2022-05-28
,458.0,22.0,,,32030.0,1.0,,2023-06-18
52.0,,,Keyboard,Accessories,,1.0,1.0,2021-09-19
53.0,,60.0,Phone,Electronics,,,1.0,invalid_date
,961.0,,Keyboard,Accessories,-500.0,2.0,5.0,invalid_date
55.0,927.0,,Phone,Electronics,14459.0,3.0,5.0,
56.0,141.0,16.0,Keyboard,Accessories,,3.0,5.0,2023-06-30
,907.0,,Keyboard,Accessories,,3.0,,invalid_date
,695.0,15.0,Camera,Electronics,-500.0,1.0,1.0,
59.0,,,Keyboard,Accessories,46064.0,3.0,2.0,2022-02-17
60.0,898.0,127.0,Camera,Electronics,-500.0,1.0,3.0,2021-11-29
61.0,,,Headphones,Accessories,-500.0,2.0,5.0,2022-03-13
62.0,31.0,,Keyboard,Accessories,25149.0,,3.0,2021-01-21
63.0,291.0,,Headphones,Accessories,-500.0,2.0,1.0,2021-03-02
64.0,,26.0,Camera,Electronics,73680.0,2.0,2.0,2022-02-06
65.0,,170.0,Keyboard,Accessories,-500.0,,2.0,invalid_date
,,,Phone,Electronics,16531.0,2.0,2.0,2022-01-24
67.0,336.0,,Laptop,Electronics,77981.0,2.0,,invalid_date
,630.0,,,,-500.0,3.0,2.0,invalid_date
69.0,,,Mouse,Accessories,-500.0,,2.0,
70.0,213.0,,Smartwatch,Accessories,-500.0,2.0,10.0,
71.0,,66.0,Keyboard,Accessories,-500.0,2.0,4.0,
,,,Phone,Electronics,-500.0,,5.0,2022-12-22
73.0,,7.0,Mouse,Accessories,-500.0,,4.0,invalid_date
74.0,863.0,71.0,Headphones,Accessories,,1.0,1.0,2023-01-06
75.0,,,Phone,Electronics,-500.0,3.0,1.0,2024-01-24
76.0,,,Headphones,Accessories,,,10.0,invalid_date
,780.0,102.0,Keyboard,Accessories,,2.0,1.0,
,,88.0,Headphones,Accessories,63185.0,3.0,5.0,invalid_date
79.0,874.0,96.0,Headphones,Accessories,,2.0,4.0,invalid_date
80.0,,,Smartwatch,Accessories,-500.0,3.0,,invalid_date
81.0,,,Camera,Electronics,77933.0,,5.0,2021-03-07
82.0,,,Headphones,Accessories,52201.0,3.0,5.0,2023-03-03
83.0,,7.0,Phone,Electronics,23468.0,2.0,10.0,2024-02-07
,537.0,117.0,Phone,Electronics,-500.0,3.0,2.0,invalid_date
85.0,114.0,,,,2447.0,,3.0,invalid_date
86.0,,,Phone,Electronics,51986.0,2.0,2.0,invalid_date
87.0,,155.0,,,-500.0,3.0,2.0,2021-01-16
88.0,,,Mouse,Accessories,-500.0,,5.0,
89.0,933.0,179.0,Tablet,Electronics,55401.0,,2.0,invalid_date
,939.0,179.0,Laptop,Electronics,32417.0,,3.0,invalid_date
,,,Keyboard,Accessories,73459.0,2.0,3.0,2021-06-06
92.0,,,Smartwatch,Accessories,,,1.0,2023-08-05
,940.0,,Headphones,Accessories,52992.0,,1.0,2022-05-29
94.0,,72.0,Mouse,Accessories,9943.0,2.0,5.0,
,401.0,20.0,Laptop,Electronics,14174.0,3.0,3.0,
96.0,915.0,114.0,Tablet,Electronics,-500.0,1.0,2.0,
97.0,786.0,,Keyboard,Accessories,-500.0,2.0,1.0,2021-01-10
98.0,841.0,175.0,Headphones,Accessories,12978.0,2.0,4.0,2021-02-27
,,83.0,Phone,Electronics,,2.0,2.0,invalid_date
100.0,,45.0,,,-500.0,,1.0,2022-04-21
101.0,,,Camera,Electronics,-500.0,1.0,2.0,2023-07-29
,550.0,65.0,Phone,Electronics,-500.0,3.0,3.0,2023-10-21
103.0,,,Keyboard,Accessories,-500.0,,2.0,
104.0,632.0,80.0,,,,,5.0,2021-01-28
105.0,207.0,97.0,Headphones,Accessories,11405.0,1.0,2.0,invalid_date
106.0,326.0,,Headphones,Accessories,-500.0,3.0,10.0,2022-11-05
107.0,553.0,171.0,Laptop,Electronics,,2.0,3.0,2022-12-03
108.0,,18.0,Keyboard,Accessories,-500.0,1.0,2.0,
,852.0,61.0,Tablet,Electronics,27767.0,,1.0,
110.0,181.0,,Mouse,Accessories,41824.0,,10.0,2022-02-09
111.0,,,Headphones,Accessories,-500.0,,1.0,invalid_date
112.0,,153.0,Tablet,Electronics,64176.0,2.0,,invalid_date
113.0,,,Smartwatch,Accessories,-500.0,2.0,3.0,invalid_date
,,,Mouse,Accessories,26652.0,,2.0,2021-01-09
,,10.0,Keyboard,Accessories,-500.0,,4.0,
,,179.0,Tablet,Electronics,-500.0,,3.0,
,724.0,179.0,Keyboard,Accessories,33347.0,3.0,4.0,invalid_date
118.0,13.0,198.0,Mouse,Accessories,-500.0,,2.0,
119.0,,,Keyboard,Accessories,77829.0,,5.0,invalid_date
,,,Smartwatch,Accessories,,2.0,,2021-07-02
121.0,,,Keyboard,Accessories,41383.0,3.0,2.0,2023-10-05
122.0,,47.0,Keyboard,Accessories,23365.0,,3.0,
123.0,,113.0,Headphones,Accessories,25331.0,2.0,1.0,2022-01-10
124.0,351.0,150.0,Phone,Electronics,39420.0,,4.0,invalid_date
,597.0,25.0,Mouse,Accessories,14213.0,1.0,1.0,2022-06-29
,,,Keyboard,Accessories,-500.0,3.0,4.0,invalid_date
127.0,,85.0,Headphones,Accessories,,1.0,4.0,
,,180.0,Mouse,Accessories,,3.0,,2021-10-12
,,,Mouse,Accessories,,1.0,4.0,2022-01-20
,628.0,,Camera,Electronics,59236.0,,5.0,invalid_date
131.0,891.0,,Phone,Electronics,-500.0,1.0,5.0,
132.0,679.0,63.0,Smartwatch,Accessories,-500.0,2.0,2.0,2023-07-03
133.0,,,Phone,Electronics,-500.0,2.0,10.0,2021-03-01
,,,Smartwatch,Accessories,,2.0,1.0,
,,60.0,Phone,Electronics,-500.0,3.0,10.0,
,607.0,191.0,Phone,Electronics,39138.0,3.0,1.0,invalid_date
137.0,605.0,,Tablet,Electronics,-500.0,3.0,5.0,invalid_date
138.0,,81.0,Camera,Electronics,,3.0,10.0,2022-03-31
139.0,150.0,,Headphones,Accessories,,3.0,4.0,
,849.0,,,,-500.0,,,invalid_date
141.0,718.0,199.0,Laptop,Electronics,44665.0,,,
,,,Keyboard,Accessories,,3.0,,2021-11-23
,946.0,,Keyboard,Accessories,52257.0,1.0,5.0,invalid_date
144.0,469.0,148.0,Tablet,Electronics,,,,
145.0,753.0,93.0,Mouse,Accessories,39152.0,2.0,2.0,
146.0,,46.0,Keyboard,Accessories,,1.0,,2021-12-11
,414.0,9.0,,,,2.0,4.0,
,385.0,,Keyboard,Accessories,-500.0,,10.0,
149.0,,165.0,Smartwatch,Accessories,-500.0,1.0,1.0,2021-09-03
150.0,,,Mouse,Accessories,,3.0,10.0,
151.0,833.0,,Tablet,Electronics,-500.0,1.0,1.0,2024-01-06
,920.0,47.0,,,,1.0,10.0,2021-09-12
,212.0,,,,-500.0,1.0,1.0,2021-03-22
154.0,434.0,,Phone,Electronics,,1.0,3.0,
,,,,,,2.0,5.0,2023-07-01
156.0,877.0,35.0,Phone,Electronics,6863.0,3.0,1.0,2022-01-21
,,98.0,Smartwatch,Accessories,,,5.0,2023-05-15
158.0,549.0,,Mouse,Accessories,-500.0,2.0,10.0,
159.0,430.0,,Camera,Electronics,,,10.0,
160.0,,,Laptop,Electronics,33440.0,1.0,3.0,
161.0,,,Camera,Electronics,-500.0,1.0,2.0,invalid_date
162.0,,,Phone,Electronics,,3.0,10.0,
163.0,,123.0,Phone,Electronics,7286.0,3.0,3.0,2023-03-09
164.0,,,Laptop,Electronics,,2.0,2.0,2021-09-16
,,110.0,Keyboard,Accessories,61003.0,3.0,4.0,invalid_date
,82.0,187.0,Phone,Electronics,-500.0,1.0,,2022-10-03
167.0,828.0,109.0,Tablet,Electronics,76407.0,,1.0,
168.0,416.0,158.0,Mouse,Accessories,,1.0,10.0,
,974.0,,Keyboard,Accessories,,2.0,3.0,
,362.0,,,,30500.0,,1.0,2023-01-22
171.0,,,Tablet,Electronics,49927.0,3.0,3.0,
172.0,,165.0,Headphones,Accessories,,,10.0,invalid_date
173.0,363.0,,Mouse,Accessories,-500.0,2.0,1.0,invalid_date
174.0,87.0,106.0,Keyboard,Accessories,47469.0,,1.0,invalid_date
175.0,,,Laptop,Electronics,,2.0,3.0,invalid_date
176.0,,,,,36321.0,2.0,4.0,2023-06-19
177.0,,9.0,Phone,Electronics,-500.0,2.0,1.0,invalid_date
178.0,820.0,,Mouse,Accessories,35838.0,,4.0,
179.0,353.0,197.0,Tablet,Electronics,15382.0,1.0,,2021-02-13
180.0,,125.0,Camera,Electronics,,,10.0,invalid_date
181.0,786.0,68.0,Headphones,Accessories,,,5.0,2022-01-18
,515.0,49.0,Headphones,Accessories,,2.0,,
183.0,437.0,158.0,Phone,Electronics,-500.0,1.0,1.0,2022-07-15
,237.0,,Laptop,Electronics,-500.0,,5.0,
185.0,,,Laptop,Electronics,-500.0,,10.0,invalid_date
186.0,,,Headphones,Accessories,42922.0,,2.0,2021-03-25
187.0,,29.0,Smartwatch,Accessories,-500.0,1.0,2.0,invalid_date
,,,,,-500.0,2.0,3.0,
,992.0,,Keyboard,Accessories,12433.0,1.0,2.0,2021-09-04
190.0,780.0,137.0,Phone,Electronics,,1.0,3.0,
191.0,,115.0,Tablet,Electronics,-500.0,,5.0,
192.0,,179.0,Phone,Electronics,-500.0,3.0,5.0,2023-10-29
193.0,507.0,,Laptop,Electronics,75209.0,,,
194.0,4.0,147.0,,,-500.0,1.0,5.0,2022-07-11
195.0,873.0,,,,,1.0,10.0,invalid_date
196.0,655.0,72.0,Tablet,Electronics,30350.0,3.0,5.0,invalid_date
,,84.0,Laptop,Electronics,33637.0,3.0,5.0,2021-08-26
,836.0,92.0,Tablet,Electronics,,3.0,3.0,2022-10-27
,,,Tablet,Electronics,34552.0,2.0,5.0,2024-04-09
,,,Mouse,Accessories,-500.0,2.0,3.0,
201.0,471.0,46.0,Keyboard,Accessories,49318.0,,4.0,invalid_date
202.0,704.0,18.0,Tablet,Electronics,37968.0,1.0,3.0,2021-11-30
,540.0,187.0,Keyboard,Accessories,-500.0,1.0,10.0,2023-04-05
204.0,136.0,198.0,Keyboard,Accessories,51330.0,3.0,1.0,
,,182.0,Tablet,Electronics,79595.0,2.0,,2021-01-20
206.0,491.0,63.0,Tablet,Electronics,,3.0,4.0,invalid_date
,304.0,,,,17131.0,2.0,,2021-04-02
208.0,,,Laptop,Electronics,30401.0,1.0,2.0,invalid_date
209.0,,,Mouse,Accessories,23224.0,1.0,2.0,invalid_date
,,,Laptop,Electronics,20805.0,3.0,4.0,invalid_date
,818.0,1.0,Camera,Electronics,-500.0,2.0,4.0,invalid_date
212.0,,,Camera,Electronics,-500.0,2.0,4.0,2023-09-07
213.0,,,Phone,Electronics,43343.0,3.0,2.0,invalid_date
,,137.0,Tablet,Electronics,-500.0,,4.0,invalid_date
,831.0,180.0,Phone,Electronics,,2.0,4.0,
,486.0,29.0,Camera,Electronics,1375.0,3.0,,invalid_date
217.0,249.0,58.0,Camera,Electronics,-500.0,2.0,4.0,
218.0,381.0,180.0,Phone,Electronics,-500.0,1.0,10.0,
219.0,81.0,20.0,Mouse,Accessories,78847.0,,1.0,invalid_date
,,,Tablet,Electronics,-500.0,3.0,10.0,
,33.0,129.0,Mouse,Accessories,-500.0,1.0,1.0,2021-11-16
222.0,,182.0,Keyboard,Accessories,,,4.0,
,,159.0,Tablet,Electronics,36628.0,2.0,5.0,2023-02-13
224.0,,,Keyboard,Accessories,,,5.0,
225.0,112.0,,Tablet,Electronics,-500.0,3.0,10.0,2023-05-19
226.0,217.0,,Laptop,Electronics,-500.0,2.0,2.0,2024-01-15
227.0,584.0,,,,,1.0,1.0,invalid_date
228.0,,129.0,Laptop,Electronics,42232.0,3.0,3.0,invalid_date
229.0,919.0,129.0,Keyboard,Accessories,47640.0,1.0,10.0,invalid_date
230.0,,21.0,Keyboard,Accessories,,2.0,,invalid_date
,,115.0,Headphones,Accessories,,3.0,2.0,
,,62.0,Smartwatch,Accessories,,1.0,,2023-06-02
233.0,,141.0,Tablet,Electronics,,,4.0,2021-07-19
234.0,,91.0,Phone,Electronics,-500.0,1.0,2.0,2022-08-29
,947.0,,Tablet,Electronics,-500.0,1.0,4.0,invalid_date
236.0,,96.0,Camera,Electronics,-500.0,,4.0,invalid_date
,59.0,180.0,,,-500.0,2.0,10.0,
238.0,,119.0,Phone,Electronics,-500.0,3.0,2.0,invalid_date
239.0,185.0,,Mouse,Accessories,,2.0,5.0,2023-08-11
240.0,,,Keyboard,Accessories,44086.0,,3.0,
241.0,328.0,,Laptop,Electronics,72444.0,1.0,4.0,
242.0,,,Camera,Electronics,-500.0,2.0,2.0,2021-04-21
243.0,,108.0,Phone,Electronics,19577.0,3.0,3.0,2023-04-10
244.0,,,Tablet,Electronics,8044.0,,4.0,invalid_date
,399.0,144.0,,,,1.0,4.0,
246.0,,,Tablet,Electronics,,3.0,,2022-10-11
247.0,,164.0,Phone,Electronics,-500.0,1.0,5.0,invalid_date
,387.0,90.0,Headphones,Accessories,-500.0,2.0,10.0,2024-01-24
,839.0,,Laptop,Electronics,-500.0,,1.0,invalid_date
,,30.0,Keyboard,Accessories,-500.0,,3.0,invalid_date
251.0,,,Keyboard,Accessories,49905.0,3.0,5.0,
252.0,,192.0,Phone,Electronics,12484.0,,1.0,
253.0,,,,,77183.0,1.0,10.0,invalid_date
,,,Headphones,Accessories,62548.0,2.0,3.0,invalid_date
255.0,690.0,,,,-500.0,1.0,10.0,invalid_date
,,86.0,Laptop,Electronics,4440.0,,,
,440.0,,Headphones,Accessories,-500.0,2.0,2.0,2023-03-17
258.0,728.0,130.0,Keyboard,Accessories,,,2.0,2023-06-15
259.0,,3.0,Smartwatch,Accessories,73470.0,1.0,3.0,2022-02-22
,,,,,,2.0,4.0,
,,,Headphones,Accessories,-500.0,1.0,2.0,2024-01-02
,888.0,,Smartwatch,Accessories,11874.0,1.0,10.0,
263.0,,,Phone,Electronics,-500.0,1.0,3.0,2022-01-05
264.0,,,Mouse,Accessories,-500.0,,1.0,
,647.0,,Tablet,Electronics,-500.0,3.0,1.0,
,261.0,50.0,Mouse,Accessories,,1.0,1.0,
267.0,,36.0,,,68075.0,1.0,2.0,2023-01-18
268.0,,,Tablet,Electronics,-500.0,,4.0,2022-02-13
,,101.0,,,53421.0,3.0,3.0,2021-12-21
270.0,,82.0,Tablet,Electronics,,,4.0,invalid_date
271.0,461.0,,Keyboard,Accessories,,,3.0,
272.0,,110.0,Smartwatch,Accessories,-500.0,3.0,4.0,2021-03-03
273.0,,32.0,Headphones,Accessories,10521.0,3.0,10.0,invalid_date
274.0,576.0,,Laptop,Electronics,44105.0,2.0,4.0,invalid_date
,969.0,,,,29503.0,,5.0,
276.0,,108.0,Camera,Electronics,42958.0,1.0,2.0,invalid_date
,,5.0,Mouse,Accessories,,,3.0,2023-02-24
278.0,346.0,,Smartwatch,Accessories,-500.0,1.0,1.0,
279.0,,127.0,Keyboard,Accessories,-500.0,,3.0,invalid_date
,106.0,58.0,Smartwatch,Accessories,-500.0,1.0,,invalid_date
281.0,91.0,,Tablet,Electronics,-500.0,1.0,,2023-06-12
282.0,,,Laptop,Electronics,35037.0,3.0,1.0,invalid_date
283.0,883.0,,Tablet,Electronics,,,4.0,2021-09-03
,,,Phone,Electronics,,2.0,2.0,invalid_date
,856.0,169.0,Phone,Electronics,-500.0,1.0,10.0,invalid_date
286.0,,,Phone,Electronics,65828.0,1.0,2.0,
287.0,,,Camera,Electronics,,2.0,,
288.0,889.0,,,,14849.0,2.0,2.0,invalid_date
,105.0,119.0,Phone,Electronics,-500.0,1.0,2.0,
290.0,,,Headphones,Accessories,-500.0,1.0,2.0,2022-07-01
291.0,,,,,-500.0,1.0,4.0,2022-03-11
292.0,,,Mouse,Accessories,-500.0,2.0,1.0,
293.0,,28.0,Keyboard,Accessories,,2.0,3.0,
294.0,245.0,137.0,Phone,Electronics,29780.0,3.0,1.0,
,,127.0,Headphones,Accessories,-500.0,2.0,4.0,2021-07-27
296.0,97.0,,Headphones,Accessories,,3.0,3.0,
297.0,,37.0,Headphones,Accessories,-500.0,,10.0,2021-05-23
298.0,696.0,,Keyboard,Accessories,44785.0,,2.0,2022-06-25
299.0,,59.0,Laptop,Electronics,65003.0,2.0,4.0,2021-08-13
300.0,,,Phone,Electronics,-500.0,,,invalid_date
,,,Smartwatch,Accessories,-500.0,1.0,1.0,invalid_date
302.0,32.0,,Tablet,Electronics,54781.0,3.0,10.0,invalid_date
,,135.0,Headphones,Accessories,12701.0,3.0,4.0,invalid_date
304.0,196.0,,Camera,Electronics,-500.0,1.0,5.0,invalid_date
305.0,993.0,128.0,Keyboard,Accessories,,,,invalid_date
306.0,,74.0,Tablet,Electronics,-500.0,3.0,5.0,
307.0,,79.0,Laptop,Electronics,60488.0,,2.0,
308.0,805.0,,Camera,Electronics,1084.0,2.0,3.0,invalid_date
309.0,,,Headphones,Accessories,,,1.0,2022-08-19
,,149.0,Keyboard,Accessories,-500.0,2.0,3.0,2022-09-29
311.0,,,Smartwatch,Accessories,-500.0,2.0,5.0,invalid_date
,,,Keyboard,Accessories,58264.0,,2.0,invalid_date
313.0,,23.0,Mouse,Accessories,-500.0,3.0,4.0,
,,,Headphones,Accessories,,2.0,3.0,
315.0,87.0,70.0,Keyboard,Accessories,-500.0,3.0,,invalid_date
316.0,759.0,180.0,Phone,Electronics,,2.0,4.0,2022-11-10
,319.0,125.0,,,65920.0,1.0,2.0,invalid_date
318.0,254.0,,Phone,Electronics,1004.0,1.0,5.0,
319.0,496.0,,,,-500.0,,1.0,invalid_date
320.0,839.0,44.0,Phone,Electronics,57669.0,,10.0,2021-02-14
321.0,,,Mouse,Accessories,-500.0,1.0,10.0,
322.0,,,Mouse,Accessories,-500.0,1.0,2.0,invalid_date
323.0,284.0,,Mouse,Accessories,-500.0,2.0,2.0,
,,,Camera,Electronics,-500.0,,5.0,2021-05-09
,,121.0,Tablet,Electronics,,3.0,3.0,2023-03-18
,,18.0,Tablet,Electronics,,1.0,5.0,
,,195.0,Tablet,Electronics,31369.0,2.0,10.0,invalid_date
328.0,,30.0,Phone,Electronics,,1.0,4.0,2023-05-11
329.0,,97.0,Mouse,Accessories,,2.0,10.0,2021-03-02
330.0,760.0,112.0,Headphones,Accessories,-500.0,1.0,4.0,2022-08-09
331.0,,146.0,Laptop,Electronics,13609.0,3.0,1.0,2021-10-15
332.0,,92.0,Tablet,Electronics,-500.0,1.0,2.0,
333.0,,26.0,Mouse,Accessories,,,4.0,
334.0,,,Headphones,Accessories,,3.0,5.0,2022-11-09
335.0,,103.0,Phone,Electronics,-500.0,1.0,1.0,
336.0,268.0,86.0,Mouse,Accessories,,2.0,1.0,invalid_date
337.0,75.0,89.0,Headphones,Accessories,,,3.0,2021-05-08
338.0,107.0,128.0,Phone,Electronics,-500.0,3.0,2.0,
339.0,27.0,,Keyboard,Accessories,-500.0,1.0,,2022-04-12
340.0,,141.0,,,64199.0,1.0,4.0,
341.0,448.0,61.0,Mouse,Accessories,,1.0,3.0,2022-12-22
342.0,822.0,185.0,Laptop,Electronics,-500.0,1.0,10.0,
343.0,,155.0,Phone,Electronics,8425.0,3.0,4.0,invalid_date
344.0,,140.0,Tablet,Electronics,-500.0,,10.0,
,300.0,,Camera,Electronics,-500.0,3.0,10.0,invalid_date
,,72.0,,,66987.0,2.0,1.0,invalid_date
347.0,382.0,10.0,Tablet,Electronics,69287.0,,3.0,2024-02-07
348.0,,77.0,Mouse,Accessories,15973.0,1.0,4.0,invalid_date
349.0,46.0,,Smartwatch,Accessories,-500.0,2.0,1.0,invalid_date
,,,Keyboard,Accessories,70794.0,3.0,10.0,2022-09-17
,951.0,,Headphones,Accessories,-500.0,3.0,10.0,invalid_date
352.0,,120.0,,,-500.0,2.0,5.0,
,,,Laptop,Electronics,,1.0,3.0,2021-06-25
,13.0,,Smartwatch,Accessories,-500.0,3.0,10.0,
355.0,,123.0,Tablet,Electronics,-500.0,,1.0,2023-06-20
356.0,452.0,,Laptop,Electronics,76965.0,3.0,3.0,invalid_date
,672.0,60.0,Mouse,Accessories,17675.0,1.0,10.0,2021-12-24
,735.0,,Tablet,Electronics,-500.0,3.0,5.0,2022-10-12
359.0,359.0,,Laptop,Electronics,,1.0,10.0,
360.0,,,,,11151.0,3.0,2.0,
361.0,,,Tablet,Electronics,-500.0,1.0,5.0,invalid_date
362.0,109.0,,Tablet,Electronics,49274.0,2.0,3.0,
,81.0,,Keyboard,Accessories,77373.0,1.0,10.0,invalid_date
364.0,,,,,,2.0,4.0,
,996.0,178.0,Camera,Electronics,-500.0,,2.0,invalid_date
366.0,,,Keyboard,Accessories,48432.0,2.0,3.0,
367.0,,173.0,Mouse,Accessories,55899.0,3.0,5.0,
368.0,518.0,,Smartwatch,Accessories,-500.0,2.0,1.0,invalid_date
369.0,,191.0,Tablet,Electronics,60515.0,2.0,2.0,invalid_date
370.0,,,Laptop,Electronics,57547.0,2.0,10.0,2021-12-08
371.0,,152.0,Keyboard,Accessories,73999.0,1.0,10.0,2022-08-24
372.0,,180.0,Phone,Electronics,-500.0,2.0,4.0,
,,,,,11982.0,2.0,1.0,
374.0,,,,,-500.0,3.0,,2021-07-18
375.0,834.0,,Camera,Electronics,-500.0,3.0,,2022-01-01
376.0,,58.0,Phone,Electronics,-500.0,3.0,2.0,invalid_date
377.0,212.0,8.0,Smartwatch,Accessories,14909.0,2.0,10.0,2022-07-25
,,134.0,Laptop,Electronics,65011.0,,3.0,invalid_date
379.0,,23.0,Smartwatch,Accessories,,3.0,10.0,invalid_date
380.0,335.0,,Phone,Electronics,47362.0,3.0,10.0,
,323.0,111.0,Mouse,Accessories,,3.0,,
,9.0,,Headphones,Accessories,,2.0,,
,,34.0,Headphones,Accessories,-500.0,1.0,2.0,2023-09-20
,626.0,182.0,,,29074.0,1.0,4.0,invalid_date
,,136.0,Keyboard,Accessories,,3.0,4.0,2024-04-10
386.0,,,Headphones,Accessories,,3.0,4.0,
387.0,334.0,,Phone,Electronics,29695.0,1.0,,invalid_date
,408.0,,Tablet,Electronics,-500.0,,10.0,invalid_date
389.0,,,Keyboard,Accessories,31783.0,3.0,3.0,
390.0,267.0,,Camera,Electronics,-500.0,2.0,,invalid_date
,897.0,138.0,Camera,Electronics,-500.0,1.0,4.0,2023-04-20
392.0,,,Camera,Electronics,,3.0,5.0,
393.0,549.0,,,,,2.0,1.0,2023-11-29
,751.0,4.0,Smartwatch,Accessories,-500.0,1.0,3.0,2023-04-27
395.0,,7.0,,,,2.0,4.0,2023-09-21
396.0,,22.0,Laptop,Electronics,,1.0,1.0,
397.0,,,,,55444.0,3.0,1.0,
398.0,208.0,,Keyboard,Accessories,,,1.0,invalid_date
399.0,,180.0,Smartwatch,Accessories,57299.0,,2.0,
,,58.0,Laptop,Electronics,,,4.0,
,,37.0,Headphones,Accessories,-500.0,1.0,4.0,2024-02-28
402.0,86.0,,,,23184.0,2.0,,
403.0,855.0,,Laptop,Electronics,-500.0,,4.0,
,,167.0,Laptop,Electronics,,3.0,2.0,invalid_date
405.0,717.0,97.0,Mouse,Accessories,,1.0,5.0,2021-06-16
406.0,891.0,,Tablet,Electronics,,,1.0,2021-12-07
407.0,,,Tablet,Electronics,-500.0,3.0,2.0,invalid_date
,170.0,75.0,Smartwatch,Accessories,-500.0,3.0,5.0,
,738.0,,,,-500.0,1.0,4.0,invalid_date
410.0,320.0,52.0,Camera,Electronics,55565.0,,2.0,2023-08-22
411.0,,163.0,Camera,Electronics,13414.0,3.0,5.0,
,,,Laptop,Electronics,-500.0,3.0,3.0,
,157.0,188.0,,,,3.0,10.0,2022-02-19
,,,Tablet,Electronics,,,1.0,
415.0,952.0,37.0,Headphones,Accessories,23033.0,,,2022-04-20
416.0,,,Laptop,Electronics,43380.0,1.0,1.0,
417.0,,,Headphones,Accessories,-500.0,1.0,4.0,
418.0,,,Headphones,Accessories,,,,
419.0,,,Smartwatch,Accessories,,,4.0,2022-12-15
,11.0,,Headphones,Accessories,74373.0,2.0,4.0,2023-02-06
421.0,515.0,,Laptop,Electronics,-500.0,1.0,3.0,invalid_date
,59.0,,Smartwatch,Accessories,-500.0,,1.0,invalid_date
423.0,379.0,157.0,Mouse,Accessories,-500.0,2.0,10.0,2024-01-23
424.0,653.0,81.0,Tablet,Electronics,-500.0,3.0,,2021-09-02
425.0,,133.0,Headphones,Accessories,-500.0,,,
,274.0,,Keyboard,Accessories,9058.0,1.0,2.0,2023-10-25
,765.0,,Smartwatch,Accessories,,3.0,5.0,2023-04-19
428.0,91.0,24.0,Phone,Electronics,-500.0,1.0,5.0,
429.0,,118.0,Tablet,Electronics,,2.0,10.0,2021-02-11
430.0,,,Smartwatch,Accessories,,2.0,,invalid_date
431.0,,,Camera,Electronics,55261.0,3.0,,invalid_date
,,162.0,Phone,Electronics,-500.0,1.0,5.0,invalid_date
433.0,,,Keyboard,Accessories,,3.0,5.0,
434.0,33.0,133.0,Phone,Electronics,68275.0,,3.0,invalid_date
435.0,675.0,83.0,Tablet,Electronics,,3.0,3.0,
,925.0,,Laptop,Electronics,-500.0,3.0,4.0,invalid_date
,,,Tablet,Electronics,,,2.0,invalid_date
,,11.0,Headphones,Accessories,,1.0,3.0,invalid_date
439.0,168.0,77.0,Keyboard,Accessories,-500.0,2.0,5.0,
440.0,,,Tablet,Electronics,44666.0,1.0,1.0,2022-09-26
441.0,242.0,112.0,Tablet,Electronics,27267.0,2.0,3.0,2022-09-22
442.0,,,Tablet,Electronics,-500.0,2.0,1.0,2023-09-05
443.0,,196.0,Mouse,Accessories,-500.0,,10.0,2022-05-13
444.0,547.0,,Camera,Electronics,,1.0,10.0,
,843.0,,Headphones,Accessories,24351.0,1.0,3.0,invalid_date
446.0,446.0,,Headphones,Accessories,-500.0,2.0,2.0,2021-04-01
447.0,,108.0,Keyboard,Accessories,-500.0,2.0,3.0,
,751.0,,Keyboard,Accessories,68809.0,1.0,4.0,invalid_date
,466.0,,Tablet,Electronics,42815.0,,5.0,invalid_date
450.0,,,Laptop,Electronics,-500.0,3.0,3.0,
,,173.0,,,48823.0,2.0,,invalid_date
,,112.0,Laptop,Electronics,,,5.0,2022-06-13
453.0,,,Smartwatch,Accessories,6222.0,3.0,,invalid_date
454.0,428.0,,Smartwatch,Accessories,,3.0,3.0,invalid_date
,406.0,45.0,Laptop,Electronics,79089.0,1.0,3.0,
456.0,,177.0,Tablet,Electronics,,,4.0,invalid_date
,742.0,98.0,Laptop,Electronics,-500.0,3.0,3.0,2021-03-20
458.0,739.0,111.0,Smartwatch,Accessories,-500.0,2.0,1.0,
,819.0,,Smartwatch,Accessories,,2.0,5.0,2024-01-10
,688.0,,Keyboard,Accessories,,2.0,10.0,invalid_date
461.0,673.0,,Smartwatch,Accessories,36740.0,,4.0,2022-03-01
462.0,227.0,,Camera,Electronics,13733.0,,2.0,
,,,Keyboard,Accessories,-500.0,3.0,5.0,invalid_date
,715.0,,Mouse,Accessories,-500.0,3.0,,2023-10-19
,,22.0,Keyboard,Accessories,,3.0,,2024-03-16
466.0,640.0,,Smartwatch,Accessories,-500.0,,4.0,2023-08-16
467.0,944.0,97.0,Keyboard,Accessories,-500.0,1.0,5.0,2023-10-03
468.0,886.0,,Keyboard,Accessories,29613.0,,1.0,invalid_date
469.0,646.0,,Camera,Electronics,-500.0,,5.0,invalid_date
470.0,161.0,,Headphones,Accessories,-500.0,1.0,,invalid_date
471.0,,,,,-500.0,2.0,10.0,
,,,Laptop,Electronics,30385.0,2.0,5.0,2023-10-28
473.0,,142.0,Tablet,Electronics,,2.0,4.0,invalid_date
474.0,960.0,83.0,Mouse,Accessories,,3.0,,2022-05-06
475.0,,62.0,Phone,Electronics,5048.0,,5.0,invalid_date
476.0,474.0,2.0,,,,,,2022-11-10
,551.0,184.0,,,-500.0,,1.0,invalid_date
478.0,,,Mouse,Accessories,-500.0,,,
479.0,740.0,,Phone,Electronics,14582.0,3.0,,
480.0,658.0,,Tablet,Electronics,-500.0,2.0,2.0,2022-06-26
481.0,,,Smartwatch,Accessories,-500.0,1.0,10.0,invalid_date
482.0,,,Tablet,Electronics,,3.0,3.0,2021-02-23
483.0,,40.0,Tablet,Electronics,,2.0,3.0,
484.0,,38.0,Smartwatch,Accessories,-500.0,3.0,10.0,2022-04-12
485.0,634.0,89.0,Camera,Electronics,,3.0,,invalid_date
486.0,,,,,-500.0,,,
487.0,,156.0,Laptop,Electronics,-500.0,2.0,2.0,2022-09-26
,920.0,190.0,Camera,Electronics,-500.0,3.0,5.0,
489.0,278.0,,Laptop,Electronics,,2.0,1.0,
,,46.0,Headphones,Accessories,,3.0,2.0,2022-05-17
491.0,928.0,,,,37369.0,1.0,10.0,
492.0,101.0,82.0,Headphones,Accessories,30830.0,2.0,5.0,invalid_date
493.0,556.0,,Mouse,Accessories,-500.0,3.0,1.0,2023-09-02
494.0,797.0,,Laptop,Electronics,-500.0,1.0,,
495.0,,,Smartwatch,Accessories,,3.0,3.0,
,,,Smartwatch,Accessories,70755.0,1.0,3.0,
497.0,168.0,,Tablet,Electronics,64908.0,3.0,3.0,invalid_date
498.0,798.0,196.0,Phone,Electronics,-500.0,2.0,10.0,2024-01-09
499.0,,157.0,Smartwatch,Accessories,-500.0,2.0,3.0,invalid_date
500.0,625.0,,Camera,Electronics,21498.0,,,2023-03-23
501.0,,,Smartwatch,Accessories,-500.0,3.0,4.0,invalid_date
502.0,,,Mouse,Accessories,-500.0,3.0,5.0,invalid_date
,,,Tablet,Electronics,-500.0,1.0,1.0,2022-02-19
,205.0,,Camera,Electronics,-500.0,3.0,3.0,
505.0,,,Phone,Electronics,10755.0,,2.0,
506.0,,,Headphones,Accessories,,,5.0,2023-02-08
,424.0,,Smartwatch,Accessories,-500.0,2.0,2.0,invalid_date
,,,,,-500.0,1.0,2.0,
509.0,766.0,,Tablet,Electronics,,,10.0,invalid_date
,,155.0,Headphones,Accessories,-500.0,2.0,3.0,
,,,Phone,Electronics,-500.0,1.0,4.0,2023-09-24
512.0,650.0,189.0,,,,1.0,4.0,
,,157.0,,,,1.0,2.0,2023-11-18
514.0,75.0,,Keyboard,Accessories,-500.0,,4.0,
515.0,,5.0,,,57675.0,2.0,4.0,invalid_date
,,,Camera,Electronics,56987.0,2.0,3.0,
517.0,186.0,7.0,Camera,Electronics,76609.0,2.0,2.0,2021-10-31
,214.0,78.0,,,46681.0,,3.0,2022-10-08
519.0,,,Smartwatch,Accessories,31537.0,1.0,,2022-12-29
520.0,204.0,,Mouse,Accessories,-500.0,1.0,1.0,invalid_date
521.0,775.0,,Phone,Electronics,,3.0,5.0,2023-11-24
522.0,,131.0,Camera,Electronics,55411.0,,2.0,
523.0,,80.0,Laptop,Electronics,-500.0,,,invalid_date
524.0,,,Smartwatch,Accessories,,1.0,1.0,invalid_date
,160.0,,Tablet,Electronics,33636.0,1.0,5.0,2021-01-19
,425.0,108.0,Laptop,Electronics,79145.0,2.0,,invalid_date
527.0,806.0,,,,,2.0,,invalid_date
528.0,30.0,85.0,Smartwatch,Accessories,,,3.0,
,740.0,41.0,Laptop,Electronics,-500.0,1.0,1.0,invalid_date
530.0,,,Camera,Electronics,30189.0,2.0,4.0,2021-05-16
531.0,,158.0,Laptop,Electronics,-500.0,,4.0,2022-06-11
532.0,825.0,58.0,Mouse,Accessories,75873.0,1.0,2.0,
533.0,,,Keyboard,Accessories,,3.0,1.0,2022-05-27
,958.0,,Tablet,Electronics,-500.0,1.0,3.0,
535.0,,,Headphones,Accessories,24877.0,,2.0,2021-03-11
536.0,,,Camera,Electronics,,,,invalid_date
537.0,914.0,,Phone,Electronics,,,,invalid_date
538.0,,110.0,,,,2.0,1.0,
,,,Phone,Electronics,-500.0,3.0,,2021-08-16
540.0,840.0,37.0,Mouse,Accessories,,1.0,1.0,2023-10-31
,538.0,,Headphones,Accessories,,2.0,5.0,
542.0,651.0,193.0,,,-500.0,,2.0,
,,,Headphones,Accessories,37493.0,3.0,4.0,invalid_date
,,54.0,Tablet,Electronics,40320.0,1.0,1.0,
545.0,806.0,,Keyboard,Accessories,19389.0,,4.0,2021-11-25
546.0,,32.0,Headphones,Accessories,-500.0,2.0,1.0,invalid_date
,,135.0,Mouse,Accessories,,,3.0,2022-11-02
,,40.0,Headphones,Accessories,-500.0,3.0,,
,,150.0,Smartwatch,Accessories,-500.0,,,2022-06-08
,,,Smartwatch,Accessories,,,1.0,
,,,Keyboard,Accessories,,,1.0,
552.0,,,Smartwatch,Accessories,47748.0,3.0,1.0,
,,11.0,Phone,Electronics,,1.0,5.0,invalid_date
,,101.0,Phone,Electronics,16397.0,3.0,3.0,
555.0,,172.0,Mouse,Accessories,,2.0,,2023-12-07
556.0,822.0,,Tablet,Electronics,,3.0,3.0,invalid_date
557.0,,,Camera,Electronics,-500.0,2.0,2.0,invalid_date
558.0,,200.0,Headphones,Accessories,,,10.0,
559.0,,26.0,Phone,Electronics,-500.0,,5.0,
560.0,,,Camera,Electronics,,,2.0,2023-02-23
561.0,,,Camera,Electronics,21868.0,2.0,3.0,2021-02-02
,,68.0,Keyboard,Accessories,10952.0,3.0,1.0,
,,158.0,,,-500.0,3.0,2.0,2023-02-28
,281.0,127.0,Headphones,Accessories,59004.0,2.0,2.0,2024-01-28
565.0,304.0,,Headphones,Accessories,-500.0,,10.0,2022-03-19
566.0,,,Keyboard,Accessories,,3.0,5.0,invalid_date
567.0,,20.0,Camera,Electronics,-500.0,3.0,3.0,2023-01-17
,,27.0,Headphones,Accessories,,3.0,2.0,
569.0,,,,,-500.0,1.0,3.0,2024-03-22
570.0,,123.0,Tablet,Electronics,,1.0,4.0,
,,111.0,Camera,Electronics,,,3.0,invalid_date
572.0,,,Headphones,Accessories,-500.0,1.0,5.0,invalid_date
573.0,,187.0,Laptop,Electronics,,2.0,1.0,
,,187.0,Headphones,Accessories,79843.0,3.0,,2022-01-07
575.0,,,Phone,Electronics,-500.0,2.0,5.0,invalid_date
576.0,93.0,,Phone,Electronics,-500.0,2.0,2.0,invalid_date
577.0,770.0,,Headphones,Accessories,,1.0,10.0,invalid_date
578.0,2.0,,Laptop,Electronics,74023.0,,10.0,2023-02-04
579.0,,47.0,Smartwatch,Accessories,,3.0,5.0,2023-02-07
580.0,724.0,130.0,Phone,Electronics,,,3.0,2024-03-21
581.0,,175.0,Laptop,Electronics,,2.0,,invalid_date
582.0,,,Phone,Electronics,66228.0,,5.0,
583.0,,,Phone,Electronics,73674.0,1.0,3.0,invalid_date
584.0,,,Camera,Electronics,-500.0,2.0,,
,,,Smartwatch,Accessories,42984.0,1.0,4.0,invalid_date
586.0,,,Mouse,Accessories,-500.0,3.0,1.0,
,766.0,,Laptop,Electronics,70147.0,1.0,2.0,invalid_date
588.0,988.0,,,,4665.0,2.0,3.0,2023-02-28
589.0,469.0,,,,,1.0,10.0,2021-04-02
590.0,211.0,75.0,Headphones,Accessories,65916.0,2.0,5.0,2021-02-01
591.0,46.0,37.0,Camera,Electronics,-500.0,3.0,,invalid_date
,,105.0,Keyboard,Accessories,,,,2022-09-27
593.0,615.0,,Keyboard,Accessories,-500.0,1.0,,invalid_date
,118.0,,Mouse,Accessories,,1.0,10.0,2022-04-02
,,,Tablet,Electronics,-500.0,3.0,2.0,
,,52.0,Smartwatch,Accessories,15220.0,1.0,4.0,2022-02-18
597.0,189.0,196.0,Mouse,Accessories,63759.0,2.0,1.0,2022-04-14
,788.0,170.0,Keyboard,Accessories,-500.0,2.0,10.0,invalid_date
599.0,944.0,,Camera,Electronics,,2.0,1.0,invalid_date
600.0,231.0,161.0,Laptop,Electronics,-500.0,3.0,2.0,
,295.0,,Mouse,Accessories,-500.0,1.0,1.0,
,738.0,,Phone,Electronics,-500.0,3.0,5.0,2023-12-31
603.0,4.0,100.0,Laptop,Electronics,19807.0,2.0,10.0,2022-04-24
604.0,,,Laptop,Electronics,,,1.0,
605.0,491.0,,Headphones,Accessories,,2.0,3.0,
606.0,904.0,95.0,Tablet,Electronics,,,10.0,invalid_date
,873.0,103.0,Smartwatch,Accessories,19872.0,3.0,4.0,
608.0,,,Headphones,Accessories,-500.0,3.0,4.0,
609.0,223.0,146.0,Camera,Electronics,53282.0,3.0,10.0,2023-12-22
610.0,,,Mouse,Accessories,-500.0,3.0,3.0,2022-09-21
611.0,,,Keyboard,Accessories,7669.0,2.0,2.0,
,,191.0,Mouse,Accessories,,,2.0,
,,81.0,Headphones,Accessories,-500.0,1.0,3.0,2023-08-18
614.0,,52.0,Phone,Electronics,12239.0,2.0,1.0,invalid_date
615.0,,181.0,Smartwatch,Accessories,-500.0,3.0,5.0,
616.0,,,Smartwatch,Accessories,,3.0,2.0,2021-11-08
617.0,,,Headphones,Accessories,,,2.0,2023-07-01
,586.0,115.0,Tablet,Electronics,,,10.0,invalid_date
619.0,,,Camera,Electronics,45535.0,2.0,3.0,2021-05-22
620.0,,,Phone,Electronics,,2.0,3.0,
621.0,,43.0,Camera,Electronics,34123.0,2.0,5.0,
622.0,,169.0,Smartwatch,Accessories,-500.0,3.0,4.0,2022-11-23
,,98.0,,,5112.0,,,
624.0,,,Keyboard,Accessories,51907.0,,10.0,
625.0,,69.0,Camera,Electronics,-500.0,,10.0,
626.0,249.0,,Phone,Electronics,,1.0,1.0,2021-02-17
627.0,741.0,,Tablet,Electronics,75961.0,1.0,,2021-06-28
628.0,805.0,157.0,Tablet,Electronics,,1.0,,
,975.0,,Tablet,Electronics,,2.0,1.0,2022-01-16
,543.0,122.0,Headphones,Accessories,,,1.0,invalid_date
631.0,520.0,21.0,Tablet,Electronics,-500.0,2.0,10.0,invalid_date
632.0,720.0,49.0,Smartwatch,Accessories,,3.0,5.0,
633.0,,,Headphones,Accessories,-500.0,3.0,10.0,
634.0,67.0,,Camera,Electronics,,3.0,1.0,invalid_date
,691.0,,Laptop,Electronics,57373.0,1.0,10.0,2023-07-03
636.0,,81.0,Smartwatch,Accessories,-500.0,2.0,3.0,invalid_date
637.0,,,Tablet,Electronics,,,3.0,invalid_date
638.0,895.0,,Tablet,Electronics,,2.0,,invalid_date
,969.0,56.0,Keyboard,Accessories,48934.0,1.0,4.0,2021-12-20
640.0,,,Keyboard,Accessories,62903.0,3.0,3.0,2022-11-22
641.0,971.0,125.0,Headphones,Accessories,-500.0,3.0,5.0,invalid_date
642.0,145.0,,Phone,Electronics,-500.0,2.0,10.0,
,,157.0,Keyboard,Accessories,65291.0,2.0,3.0,invalid_date
644.0,,17.0,,,-500.0,,10.0,
645.0,,,Camera,Electronics,55657.0,3.0,2.0,
646.0,924.0,83.0,,,,2.0,,
,902.0,99.0,Headphones,Accessories,,3.0,4.0,invalid_date
648.0,399.0,,Phone,Electronics,-500.0,2.0,4.0,2022-06-29
649.0,,,Camera,Electronics,-500.0,2.0,2.0,
,193.0,76.0,Smartwatch,Accessories,-500.0,2.0,3.0,2024-01-04
,839.0,,,,-500.0,2.0,2.0,invalid_date
652.0,477.0,,Tablet,Electronics,39810.0,2.0,1.0,2023-05-14
653.0,,73.0,Mouse,Accessories,42168.0,2.0,3.0,invalid_date
654.0,378.0,,Camera,Electronics,3222.0,1.0,1.0,
655.0,,83.0,Keyboard,Accessories,-500.0,1.0,2.0,
656.0,536.0,183.0,Tablet,Electronics,66100.0,1.0,1.0,2021-10-14
657.0,,140.0,Camera,Electronics,-500.0,,1.0,invalid_date
658.0,163.0,,Keyboard,Accessories,,2.0,,2021-07-03
659.0,659.0,123.0,Headphones,Accessories,,1.0,10.0,2024-02-17
660.0,,,Headphones,Accessories,31495.0,1.0,,
661.0,42.0,151.0,,,-500.0,2.0,1.0,
662.0,,131.0,Headphones,Accessories,-500.0,,1.0,
,,41.0,Headphones,Accessories,,3.0,1.0,invalid_date
,,,Camera,Electronics,-500.0,,3.0,2023-03-16
,956.0,,Headphones,Accessories,25226.0,2.0,1.0,2023-03-05
666.0,223.0,80.0,Smartwatch,Accessories,-500.0,2.0,1.0,
667.0,,155.0,Tablet,Electronics,44769.0,,4.0,
,110.0,8.0,Mouse,Accessories,,1.0,3.0,2022-05-24
,985.0,25.0,Smartwatch,Accessories,-500.0,3.0,4.0,
670.0,428.0,77.0,Headphones,Accessories,-500.0,1.0,10.0,2023-02-03
,763.0,122.0,Smartwatch,Accessories,-500.0,1.0,4.0,2022-02-24
,,70.0,Phone,Electronics,,,2.0,
673.0,31.0,,Phone,Electronics,21092.0,,1.0,
674.0,,,Keyboard,Accessories,23940.0,,5.0,
675.0,,1.0,Headphones,Accessories,36033.0,,10.0,2022-07-11
676.0,,,,,65032.0,2.0,10.0,invalid_date
677.0,,105.0,Camera,Electronics,,,5.0,2024-01-13
,,,Camera,Electronics,-500.0,3.0,,2022-08-22
679.0,,116.0,Keyboard,Accessories,,1.0,3.0,invalid_date
,852.0,147.0,Camera,Electronics,,2.0,2.0,
681.0,533.0,148.0,Keyboard,Accessories,-500.0,3.0,1.0,
682.0,,,,,,,2.0,invalid_date
683.0,,40.0,Headphones,Accessories,-500.0,1.0,10.0,
684.0,,78.0,,,-500.0,1.0,2.0,
685.0,191.0,,Headphones,Accessories,4080.0,,1.0,2022-08-29
,,,Phone,Electronics,-500.0,3.0,10.0,2023-04-06
,608.0,,Headphones,Accessories,-500.0,1.0,5.0,
688.0,,193.0,Mouse,Accessories,-500.0,,1.0,
689.0,,140.0,Camera,Electronics,65265.0,1.0,4.0,invalid_date
,481.0,,Headphones,Accessories,-500.0,,4.0,2022-11-22
,800.0,,Headphones,Accessories,54819.0,1.0,1.0,
,670.0,65.0,,,-500.0,,3.0,invalid_date
693.0,,110.0,Tablet,Electronics,-500.0,2.0,,2021-11-30
694.0,795.0,,Phone,Electronics,-500.0,1.0,4.0,2022-05-26
695.0,,180.0,Smartwatch,Accessories,24943.0,1.0,3.0,invalid_date
696.0,,,Tablet,Electronics,19245.0,1.0,10.0,2024-02-27
697.0,,,,,,1.0,5.0,invalid_date
698.0,520.0,36.0,Phone,Electronics,-500.0,1.0,10.0,invalid_date
,,,Tablet,Electronics,,,2.0,invalid_date
700.0,238.0,,Phone,Electronics,,2.0,4.0,
701.0,,150.0,Keyboard,Accessories,-500.0,3.0,1.0,2023-11-11
702.0,,,Tablet,Electronics,42881.0,2.0,,2023-09-11
703.0,684.0,131.0,Phone,Electronics,-500.0,1.0,5.0,2024-01-14
,,,Mouse,Accessories,68290.0,2.0,5.0,2021-12-04
705.0,,8.0,Smartwatch,Accessories,54266.0,3.0,,2023-06-04
706.0,,166.0,Keyboard,Accessories,,2.0,,
,,17.0,,,-500.0,2.0,,invalid_date
,,,Laptop,Electronics,-500.0,3.0,4.0,invalid_date
,614.0,,Mouse,Accessories,-500.0,1.0,4.0,
,,74.0,Mouse,Accessories,,3.0,5.0,invalid_date
711.0,,,Camera,Electronics,,3.0,2.0,invalid_date
712.0,,,Smartwatch,Accessories,-500.0,3.0,10.0,
,,164.0,Headphones,Accessories,,2.0,5.0,2021-12-22
714.0,,,Camera,Electronics,,,,invalid_date
715.0,,,,,45747.0,1.0,3.0,invalid_date
,,,Phone,Electronics,-500.0,2.0,4.0,
717.0,,,Smartwatch,Accessories,-500.0,1.0,10.0,
718.0,285.0,,Tablet,Electronics,24737.0,2.0,3.0,2021-04-22
719.0,,,Phone,Electronics,56478.0,3.0,1.0,2024-03-06
,363.0,39.0,Keyboard,Accessories,32546.0,3.0,2.0,invalid_date
721.0,978.0,,Headphones,Accessories,-500.0,,2.0,
722.0,471.0,45.0,Phone,Electronics,13541.0,3.0,,2023-04-13
,,115.0,Phone,Electronics,1415.0,2.0,10.0,invalid_date
724.0,,,Phone,Electronics,-500.0,1.0,10.0,invalid_date
,,,,,36615.0,,10.0,invalid_date
,,,Mouse,Accessories,-500.0,2.0,2.0,
,298.0,,Headphones,Accessories,-500.0,1.0,4.0,2022-07-16
,,98.0,Headphones,Accessories,-500.0,,10.0,invalid_date
729.0,,,Keyboard,Accessories,-500.0,,1.0,invalid_date
,614.0,,Tablet,Electronics,23091.0,3.0,,
,713.0,65.0,Laptop,Electronics,30960.0,3.0,10.0,2021-11-22
732.0,,80.0,Mouse,Accessories,-500.0,1.0,2.0,invalid_date
,,,Headphones,Accessories,,,1.0,
,79.0,198.0,Tablet,Electronics,31965.0,3.0,,
735.0,741.0,40.0,Tablet,Electronics,70986.0,2.0,,
736.0,513.0,101.0,Laptop,Electronics,43661.0,2.0,,
,,,Laptop,Electronics,62481.0,,,2021-09-28
738.0,166.0,,Headphones,Accessories,60630.0,2.0,10.0,
739.0,,,Laptop,Electronics,-500.0,3.0,5.0,
740.0,130.0,53.0,Keyboard,Accessories,,3.0,4.0,
741.0,383.0,,Smartwatch,Accessories,,2.0,4.0,invalid_date
,810.0,,Laptop,Electronics,-500.0,,,invalid_date
743.0,,,Headphones,Accessories,19653.0,3.0,2.0,invalid_date
744.0,919.0,,Headphones,Accessories,61725.0,1.0,4.0,2021-04-16
,,,Camera,Electronics,-500.0,1.0,10.0,2023-06-07
,170.0,26.0,Mouse,Accessories,-500.0,3.0,3.0,invalid_date
747.0,,,Laptop,Electronics,,3.0,2.0,invalid_date
748.0,,,Camera,Electronics,-500.0,,1.0,
,580.0,,,,,3.0,,
,,101.0,Mouse,Accessories,36010.0,1.0,2.0,2022-02-07
,,,Laptop,Electronics,40703.0,3.0,2.0,invalid_date
,495.0,,Headphones,Accessories,1074.0,2.0,2.0,invalid_date
,,,Mouse,Accessories,15973.0,3.0,10.0,invalid_date
754.0,826.0,58.0,Camera,Electronics,70036.0,,10.0,
,415.0,,Mouse,Accessories,-500.0,3.0,5.0,invalid_date
756.0,927.0,,Phone,Electronics,,,2.0,2022-03-25
757.0,,170.0,Keyboard,Accessories,,3.0,3.0,2022-09-05
758.0,485.0,,Laptop,Electronics,-500.0,1.0,,2023-06-05
759.0,,,Smartwatch,Accessories,-500.0,2.0,4.0,
760.0,874.0,26.0,Tablet,Electronics,45054.0,1.0,5.0,
,664.0,14.0,Laptop,Electronics,,,4.0,2023-10-06
,,171.0,Tablet,Electronics,5284.0,1.0,3.0,
763.0,41.0,50.0,Tablet,Electronics,-500.0,,1.0,
,,36.0,Mouse,Accessories,-500.0,,5.0,
765.0,622.0,,Smartwatch,Accessories,,1.0,,2023-11-21
766.0,,,Keyboard,Accessories,,,2.0,invalid_date
767.0,153.0,10.0,Headphones,Accessories,,1.0,3.0,2022-03-08
,,,Phone,Electronics,20356.0,3.0,4.0,2021-09-16
,,182.0,Headphones,Accessories,-500.0,,4.0,
770.0,51.0,,Laptop,Electronics,48737.0,2.0,4.0,invalid_date
771.0,,,Mouse,Accessories,,3.0,4.0,invalid_date
772.0,,38.0,Tablet,Electronics,1975.0,2.0,3.0,2023-05-02
,,10.0,Headphones,Accessories,,3.0,4.0,2022-07-24
,207.0,,Camera,Electronics,-500.0,3.0,1.0,invalid_date
,820.0,,,,,,5.0,invalid_date
,989.0,,Laptop,Electronics,-500.0,,1.0,
777.0,913.0,,Headphones,Accessories,,,2.0,invalid_date
778.0,,,Smartwatch,Accessories,,1.0,2.0,2021-03-25
779.0,,197.0,Phone,Electronics,,,,invalid_date
780.0,,,Headphones,Accessories,,2.0,5.0,2022-08-12
781.0,663.0,123.0,,,27248.0,1.0,10.0,2023-05-30
782.0,426.0,110.0,Tablet,Electronics,34841.0,2.0,10.0,
,655.0,20.0,Camera,Electronics,-500.0,1.0,3.0,
784.0,,87.0,Laptop,Electronics,32398.0,,,2022-07-08
785.0,808.0,91.0,,,-500.0,,10.0,2022-07-24
786.0,65.0,,Headphones,Accessories,-500.0,2.0,10.0,
787.0,,,,,71098.0,1.0,4.0,2022-12-21
,496.0,191.0,,,53751.0,,2.0,
789.0,,49.0,,,-500.0,3.0,3.0,2023-01-26
790.0,,119.0,Laptop,Electronics,,2.0,3.0,
791.0,,,Phone,Electronics,,1.0,5.0,
792.0,40.0,,Laptop,Electronics,42558.0,2.0,3.0,invalid_date
793.0,,,Smartwatch,Accessories,50752.0,3.0,3.0,invalid_date
794.0,729.0,36.0,Smartwatch,Accessories,54329.0,3.0,1.0,invalid_date
795.0,188.0,150.0,Phone,Electronics,-500.0,2.0,,invalid_date
796.0,,,Laptop,Electronics,-500.0,1.0,,
797.0,276.0,36.0,Keyboard,Accessories,-500.0,1.0,4.0,
798.0,555.0,68.0,Laptop,Electronics,-500.0,2.0,1.0,invalid_date
799.0,646.0,121.0,Phone,Electronics,44786.0,2.0,2.0,
,,148.0,Tablet,Electronics,67805.0,,4.0,
,398.0,,,,32183.0,3.0,4.0,
802.0,256.0,,Tablet,Electronics,,3.0,4.0,invalid_date
803.0,708.0,148.0,Mouse,Accessories,1190.0,1.0,4.0,
,48.0,,Headphones,Accessories,,2.0,1.0,2022-04-18
805.0,735.0,179.0,Headphones,Accessories,37247.0,,5.0,
,664.0,,Phone,Electronics,45742.0,,4.0,2021-10-23
807.0,879.0,,Keyboard,Accessories,,3.0,3.0,
808.0,259.0,,Headphones,Accessories,-500.0,2.0,4.0,invalid_date
809.0,424.0,74.0,Laptop,Electronics,,3.0,4.0,invalid_date
,,,Smartwatch,Accessories,-500.0,2.0,,invalid_date
811.0,277.0,123.0,Mouse,Accessories,,,,invalid_date
812.0,972.0,,Tablet,Electronics,3247.0,3.0,10.0,invalid_date
,,,,,,1.0,1.0,
814.0,776.0,,Phone,Electronics,75338.0,1.0,2.0,invalid_date
,350.0,124.0,Tablet,Electronics,-500.0,2.0,,invalid_date
,,151.0,Phone,Electronics,,,,invalid_date
817.0,,,Camera,Electronics,-500.0,2.0,4.0,2022-02-06
818.0,707.0,27.0,,,-500.0,2.0,2.0,
,75.0,,Keyboard,Accessories,6751.0,2.0,4.0,
820.0,,,Headphones,Accessories,29119.0,,3.0,2021-07-18
821.0,811.0,,Headphones,Accessories,-500.0,3.0,2.0,2021-09-01
822.0,,85.0,,,,1.0,,invalid_date
823.0,,,,,77399.0,2.0,5.0,2022-07-23
824.0,198.0,41.0,Laptop,Electronics,,1.0,5.0,
825.0,,58.0,Tablet,Electronics,26671.0,1.0,2.0,invalid_date
826.0,158.0,,Phone,Electronics,-500.0,,10.0,
,,28.0,Laptop,Electronics,-500.0,2.0,1.0,2023-12-28
828.0,717.0,,Headphones,Accessories,10596.0,,4.0,invalid_date
829.0,436.0,,Tablet,Electronics,,3.0,10.0,2024-03-07
830.0,,,Camera,Electronics,,1.0,2.0,2021-02-11
,,167.0,Phone,Electronics,17617.0,1.0,2.0,2023-12-29
832.0,521.0,62.0,,,,3.0,2.0,2021-09-16
,140.0,,,,71459.0,,3.0,invalid_date
834.0,,,Headphones,Accessories,19312.0,1.0,10.0,
835.0,34.0,200.0,Camera,Electronics,61410.0,1.0,10.0,invalid_date
836.0,705.0,124.0,Laptop,Electronics,-500.0,,2.0,2024-04-14
837.0,,98.0,,,49698.0,3.0,,
,,,Smartwatch,Accessories,35184.0,1.0,1.0,2024-01-23
839.0,481.0,,Tablet,Electronics,-500.0,,5.0,invalid_date
840.0,908.0,,Laptop,Electronics,,3.0,1.0,
841.0,,145.0,Phone,Electronics,,2.0,5.0,
842.0,678.0,,Keyboard,Accessories,-500.0,2.0,5.0,invalid_date
843.0,,54.0,Keyboard,Accessories,,,10.0,
,976.0,33.0,,,,1.0,3.0,
,128.0,,Smartwatch,Accessories,7158.0,2.0,,invalid_date
846.0,736.0,136.0,,,-500.0,,2.0,2023-11-23
,,186.0,Smartwatch,Accessories,32749.0,3.0,10.0,2021-05-15
,,,Keyboard,Accessories,40005.0,2.0,1.0,invalid_date
849.0,,,Phone,Electronics,-500.0,3.0,1.0,2023-08-05
,,140.0,Smartwatch,Accessories,6546.0,3.0,4.0,
851.0,,75.0,Headphones,Accessories,,2.0,1.0,invalid_date
852.0,,85.0,Phone,Electronics,49283.0,,5.0,
853.0,210.0,,Laptop,Electronics,45555.0,2.0,3.0,invalid_date
,228.0,27.0,,,,1.0,3.0,invalid_date
855.0,622.0,62.0,Mouse,Accessories,-500.0,2.0,10.0,
856.0,,9.0,Mouse,Accessories,29414.0,1.0,4.0,2022-10-24
,,200.0,,,-500.0,1.0,4.0,invalid_date
858.0,,29.0,Tablet,Electronics,28355.0,1.0,,
,291.0,,Headphones,Accessories,-500.0,1.0,4.0,invalid_date
860.0,,155.0,Headphones,Accessories,-500.0,1.0,5.0,2022-12-10
861.0,,,,,-500.0,3.0,1.0,invalid_date
862.0,835.0,56.0,Laptop,Electronics,77881.0,1.0,,2023-04-15
863.0,,,Headphones,Accessories,-500.0,2.0,3.0,invalid_date
,,,,,-500.0,,10.0,invalid_date
865.0,120.0,110.0,Keyboard,Accessories,,1.0,1.0,
866.0,906.0,196.0,Headphones,Accessories,,,2.0,invalid_date
867.0,787.0,,Tablet,Electronics,60720.0,3.0,3.0,2022-03-12
,,,Laptop,Electronics,,,5.0,invalid_date
869.0,768.0,30.0,,,,3.0,2.0,invalid_date
870.0,,171.0,,,,,4.0,invalid_date
,128.0,,Laptop,Electronics,28782.0,,10.0,
,,74.0,Laptop,Electronics,,1.0,3.0,
,,,Mouse,Accessories,,3.0,,invalid_date
,303.0,,,,,,10.0,2023-07-24
875.0,,146.0,Headphones,Accessories,-500.0,2.0,5.0,invalid_date
876.0,,104.0,Headphones,Accessories,15202.0,,,invalid_date
877.0,,,Laptop,Electronics,-500.0,2.0,2.0,
,,,Headphones,Accessories,,2.0,10.0,
879.0,,105.0,,,,2.0,5.0,invalid_date
,,140.0,Keyboard,Accessories,45740.0,,5.0,invalid_date
881.0,417.0,56.0,Smartwatch,Accessories,,,4.0,invalid_date
,,193.0,Keyboard,Accessories,,3.0,,2021-10-26
,,,Headphones,Accessories,-500.0,1.0,5.0,2021-11-02
884.0,,,Laptop,Electronics,-500.0,,,2022-04-04
885.0,77.0,172.0,Phone,Electronics,8228.0,3.0,,
,,,Laptop,Electronics,7280.0,1.0,4.0,2023-12-17
,,,Camera,Electronics,-500.0,2.0,4.0,
888.0,,,Laptop,Electronics,49281.0,3.0,10.0,invalid_date
,,172.0,Keyboard,Accessories,22274.0,2.0,10.0,2023-07-09
890.0,,99.0,Camera,Electronics,,2.0,,
,270.0,50.0,Phone,Electronics,35543.0,2.0,4.0,
,953.0,,Mouse,Accessories,31423.0,,2.0,invalid_date
893.0,870.0,174.0,Phone,Electronics,,1.0,1.0,2023-08-09
894.0,,,Tablet,Electronics,-500.0,,1.0,invalid_date
895.0,459.0,,,,-500.0,3.0,4.0,2021-09-06
896.0,49.0,,Smartwatch,Accessories,78667.0,1.0,10.0,
897.0,,,Phone,Electronics,-500.0,,3.0,2021-04-19
,175.0,20.0,,,15192.0,2.0,4.0,
,,,Phone,Electronics,,2.0,5.0,2022-01-09
,,,,,,2.0,,
,,105.0,,,32854.0,3.0,,2023-11-22
,,104.0,Headphones,Accessories,-500.0,,10.0,invalid_date
903.0,531.0,,Mouse,Accessories,-500.0,1.0,,2023-10-14
904.0,,84.0,Keyboard,Accessories,71860.0,1.0,1.0,2021-12-17
905.0,960.0,,Keyboard,Accessories,48977.0,,,
,,,Tablet,Electronics,,,10.0,2021-12-23
907.0,,140.0,Laptop,Electronics,,2.0,5.0,2022-07-04
,748.0,,Tablet,Electronics,-500.0,3.0,,
909.0,867.0,166.0,,,,3.0,2.0,
910.0,,,Camera,Electronics,,2.0,5.0,invalid_date
911.0,553.0,,Headphones,Accessories,-500.0,3.0,4.0,invalid_date
,,99.0,Keyboard,Accessories,,,1.0,invalid_date
913.0,529.0,127.0,,,,3.0,,2021-11-12
,812.0,95.0,,,-500.0,3.0,10.0,
915.0,583.0,8.0,Laptop,Electronics,-500.0,2.0,4.0,
916.0,258.0,,Smartwatch,Accessories,72010.0,,,invalid_date
,253.0,,Keyboard,Accessories,26704.0,,3.0,2022-08-26
918.0,,,Headphones,Accessories,,2.0,5.0,invalid_date
919.0,172.0,104.0,,,,2.0,4.0,invalid_date
920.0,882.0,,Camera,Electronics,,3.0,,2023-01-28
921.0,,,Camera,Electronics,,,4.0,invalid_date
,639.0,173.0,Smartwatch,Accessories,35302.0,1.0,1.0,invalid_date
,,149.0,Mouse,Accessories,-500.0,3.0,2.0,2021-04-07
924.0,,117.0,Laptop,Electronics,-500.0,3.0,2.0,invalid_date
,908.0,,Camera,Electronics,27515.0,1.0,2.0,invalid_date
926.0,,39.0,Headphones,Accessories,-500.0,3.0,,2022-10-12
,542.0,,Phone,Electronics,-500.0,1.0,2.0,invalid_date
928.0,,103.0,Tablet,Electronics,63654.0,2.0,3.0,2023-01-10
,,,Camera,Electronics,-500.0,,4.0,invalid_date
930.0,,,Smartwatch,Accessories,40144.0,3.0,2.0,
,,158.0,Keyboard,Accessories,-500.0,1.0,,2022-08-13
932.0,,96.0,Keyboard,Accessories,44554.0,2.0,2.0,2021-01-13
933.0,71.0,,Phone,Electronics,31988.0,3.0,10.0,invalid_date
,187.0,,Mouse,Accessories,,3.0,2.0,
,,,,,,2.0,4.0,
936.0,,39.0,Keyboard,Accessories,,2.0,,
937.0,215.0,135.0,Camera,Electronics,,2.0,10.0,invalid_date
938.0,205.0,166.0,,,,3.0,2.0,2022-01-25
,,,Phone,Electronics,-500.0,2.0,10.0,2021-01-17
940.0,,104.0,Headphones,Accessories,-500.0,,3.0,
941.0,,,Tablet,Electronics,-500.0,,4.0,invalid_date
942.0,146.0,,Tablet,Electronics,50664.0,,,2024-03-15
,890.0,,,,,1.0,1.0,2023-03-15
944.0,807.0,145.0,Mouse,Accessories,24009.0,1.0,4.0,2022-03-17
,,44.0,Camera,Electronics,24827.0,,2.0,
,564.0,61.0,Camera,Electronics,77700.0,3.0,10.0,2022-09-13
947.0,,,Camera,Electronics,,1.0,,2024-01-12
948.0,,75.0,Mouse,Accessories,,1.0,10.0,2023-10-07
,743.0,,Camera,Electronics,-500.0,,5.0,
950.0,,,Laptop,Electronics,,,2.0,2023-06-21
,975.0,34.0,Phone,Electronics,-500.0,1.0,10.0,2022-11-01
952.0,178.0,,Phone,Electronics,-500.0,,4.0,
953.0,701.0,,Mouse,Accessories,,3.0,5.0,invalid_date
954.0,207.0,,Tablet,Electronics,,2.0,5.0,2023-03-19
955.0,472.0,89.0,Keyboard,Accessories,,2.0,,invalid_date
,,170.0,Phone,Electronics,3993.0,1.0,10.0,2024-03-28
957.0,627.0,,Smartwatch,Accessories,-500.0,,3.0,2023-11-14
,991.0,,Phone,Electronics,,1.0,5.0,2023-10-21
,,,Tablet,Electronics,20895.0,2.0,2.0,2021-11-19
960.0,,27.0,Laptop,Electronics,,2.0,,2021-07-02
961.0,,,Laptop,Electronics,,2.0,10.0,invalid_date
962.0,,54.0,Headphones,Accessories,29061.0,2.0,3.0,2024-03-17
963.0,103.0,73.0,Mouse,Accessories,,,1.0,invalid_date
,335.0,,,,-500.0,,,
,390.0,190.0,Tablet,Electronics,,2.0,2.0,invalid_date
966.0,,31.0,Camera,Electronics,,3.0,5.0,2023-10-14
967.0,,196.0,Headphones,Accessories,-500.0,2.0,5.0,
968.0,494.0,109.0,Laptop,Electronics,34994.0,3.0,10.0,2021-11-16
969.0,171.0,114.0,Tablet,Electronics,63824.0,,5.0,invalid_date
970.0,,136.0,Keyboard,Accessories,78438.0,3.0,4.0,2022-04-13
,,9.0,Camera,Electronics,35217.0,1.0,,2021-01-16
,,,Phone,Electronics,,3.0,3.0,invalid_date
973.0,436.0,,Phone,Electronics,-500.0,,5.0,invalid_date
974.0,46.0,197.0,Phone,Electronics,-500.0,1.0,4.0,2023-06-09
975.0,,,Laptop,Electronics,28160.0,1.0,,
976.0,530.0,,Mouse,Accessories,-500.0,,5.0,
,,22.0,Phone,Electronics,,1.0,1.0,invalid_date
,,21.0,Keyboard,Accessories,60370.0,3.0,2.0,invalid_date
979.0,180.0,181.0,Camera,Electronics,-500.0,1.0,4.0,2022-09-07
,,,Laptop,Electronics,-500.0,,2.0,
981.0,342.0,172.0,Smartwatch,Accessories,66034.0,,2.0,
982.0,843.0,,Tablet,Electronics,-500.0,1.0,,invalid_date
983.0,,,,,32529.0,,10.0,2023-08-31
984.0,,,Phone,Electronics,-500.0,,10.0,2021-02-21
985.0,557.0,,Phone,Electronics,34071.0,1.0,1.0,
986.0,,157.0,Camera,Electronics,,3.0,10.0,invalid_date
987.0,664.0,,Mouse,Accessories,,,5.0,
988.0,,98.0,Phone,Electronics,-500.0,2.0,5.0,
,273.0,60.0,Headphones,Accessories,-500.0,3.0,1.0,invalid_date
,,150.0,Keyboard,Accessories,24988.0,,10.0,
991.0,869.0,7.0,Laptop,Electronics,,,,2022-06-25
992.0,,15.0,Laptop,Electronics,-500.0,1.0,,2024-01-13
993.0,,38.0,Smartwatch,Accessories,,1.0,,2021-06-21
,,170.0,Mouse,Accessories,,1.0,,
995.0,777.0,,,,-500.0,2.0,3.0,2024-01-01
996.0,64.0,67.0,Mouse,Accessories,-500.0,,4.0,
997.0,390.0,,Mouse,Accessories,-500.0,1.0,10.0,2021-07-11
,,144.0,Phone,Electronics,,,4.0,2022-07-08
,,,Keyboard,Accessories,,2.0,,
1000.0,,,Phone,Electronics,34901.0,2.0,,invalid_date
,,,,,-500.0,,2.0,invalid_date
,298.0,,Headphones,Accessories,-500.0,1.0,4.0,2022-07-16
,,186.0,Smartwatch,Accessories,32749.0,3.0,10.0,2021-05-15
296.0,97.0,,Headphones,Accessories,,3.0,3.0,
,908.0,,Camera,Electronics,27515.0,1.0,2.0,invalid_date
659.0,659.0,123.0,Headphones,Accessories,,1.0,10.0,2024-02-17
683.0,,40.0,Headphones,Accessories,-500.0,1.0,10.0,
287.0,,,Camera,Electronics,,2.0,,
881.0,417.0,56.0,Smartwatch,Accessories,,,4.0,invalid_date
273.0,,32.0,Headphones,Accessories,10521.0,3.0,10.0,invalid_date
138.0,,81.0,Camera,Electronics,,3.0,10.0,2022-03-31
955.0,472.0,89.0,Keyboard,Accessories,,2.0,,invalid_date
,,,Camera,Electronics,56987.0,2.0,3.0,
789.0,,49.0,,,-500.0,3.0,3.0,2023-01-26
861.0,,,,,-500.0,3.0,1.0,invalid_date
641.0,971.0,125.0,Headphones,Accessories,-500.0,3.0,5.0,invalid_date
738.0,166.0,,Headphones,Accessories,60630.0,2.0,10.0,
684.0,,78.0,,,-500.0,1.0,2.0,
,157.0,188.0,,,,3.0,10.0,2022-02-19
,,,Phone,Electronics,-500.0,,5.0,2022-12-22
,,137.0,Tablet,Electronics,-500.0,,4.0,invalid_date
,630.0,,,,-500.0,3.0,2.0,invalid_date
,,62.0,Smartwatch,Accessories,,1.0,,2023-06-02
,,200.0,,,-500.0,1.0,4.0,invalid_date
,836.0,92.0,Tablet,Electronics,,3.0,3.0,2022-10-27
640.0,,,Keyboard,Accessories,62903.0,3.0,3.0,2022-11-22
377.0,212.0,8.0,Smartwatch,Accessories,14909.0,2.0,10.0,2022-07-25
193.0,507.0,,Laptop,Electronics,75209.0,,,
100.0,,45.0,,,-500.0,,1.0,2022-04-21
679.0,,116.0,Keyboard,Accessories,,1.0,3.0,invalid_date
,839.0,,,,-500.0,2.0,2.0,invalid_date
224.0,,,Keyboard,Accessories,,,5.0,
206.0,491.0,63.0,Tablet,Electronics,,3.0,4.0,invalid_date
,580.0,,,,,3.0,,
,,,Keyboard,Accessories,-500.0,3.0,5.0,invalid_date
,414.0,9.0,,,,2.0,4.0,
21.0,,,Camera,Electronics,-500.0,3.0,4.0,2021-02-27
,175.0,20.0,,,15192.0,2.0,4.0,
,,135.0,Mouse,Accessories,,,3.0,2022-11-02
,902.0,99.0,Headphones,Accessories,,3.0,4.0,invalid_date
688.0,,193.0,Mouse,Accessories,-500.0,,1.0,
936.0,,39.0,Keyboard,Accessories,,2.0,,
822.0,,85.0,,,,1.0,,invalid_date
,,101.0,Phone,Electronics,16397.0,3.0,3.0,
590.0,211.0,75.0,Headphones,Accessories,65916.0,2.0,5.0,2021-02-01
371.0,,152.0,Keyboard,Accessories,73999.0,1.0,10.0,2022-08-24
597.0,189.0,196.0,Mouse,Accessories,63759.0,2.0,1.0,2022-04-14
,,,Camera,Electronics,-500.0,2.0,4.0,
795.0,188.0,150.0,Phone,Electronics,-500.0,2.0,,invalid_date
,812.0,95.0,,,-500.0,3.0,10.0,
